,SeqID,Total CDR length,Patches CDR Surface Hydrophobicity,Patches CDR Positive Charge,Patches CDR Negative Charge,CDR3 length,CDR3 compactness,CDR3 tau angle,CDR3 alpha angle,Kinked/extended,Sequence,Molecular Weight,Seq Length,Average Residue Weight,Isoelectric point (sequence),Molecular Extinction Coefficient,Molecular Extinction Coefficient (Cysteine bridges),% Molecular Extinction Coefficient,% Molecular Extinction Coefficient (Cysteine bridges),Instability Index,Aliphatic Index,Hydrophobicity,Hydrophobic moment,Aromatic content,Tiny content,Small content,Aliphatic content,Nonpolar content,Polar content,Basic content,Acidic content,Solubility,Charge at pH1,Charge at pH2,Charge at pH3,Charge at pH4,Charge at pH5,Charge at pH6,Charge at pH7,Charge at pH8,Charge at pH9,Charge at pH10,Charge at pH11,Charge at pH12,Charge at pH13,Charge at pH14,Total covalent interactions,Total van der Waals clashes,Total van der Waals interactions,Total proximal interactions,Total hydrogen bonds,Total weak hydrogen bonds,Total ionic interactions,Total aromatic interactions,Total hydrophobic interactions,Total carbonyl group interactions,Total polar interactions,Total weak polar interactions,Total atom-atom interactions,Total carbon-pi interactions,Total cation-pi interactions,Total donor-pi interactions,Total sulfur-pi interactions,Total atom-plane interactions,Total amide-amide interactions,Total amide-ring interactions,Total plane-group interactions,Total planar interactions,Average pairwise distance of interacting atoms (Å),Total interactions,Phi (φ) angle (degrees),Psi (ψ) angle (degrees),Total residues in isolated β-bridges,Total residues in β-turns,Total residues in β-strands,Total residues in 3-10 helices,Total residues in π-helices,Total residues in bends,Total residues in loops,Free energy of folding,Unfolded charge pH7,Folded charge pH7,Positive charge heterogeneity,Negative charge heterogeneity,Folded isoelectric point,Unfolded isoelectric point,Total free cysteines,Total cysteine bridges,Solvent accessible surface area (SASA),Side chain SASA,Structural Aggregation Propensity (SAP),Developability Index (DI),type
0,Brivekimig1_VHH1,33,81.3574,0.2604,0.2219,16,1.3490025464805475,93.44837573079506,47.48728227141515,Kinked,DVQLVESGGGVVQPGGSLRLSCAASGRTFSSIYAKGWFRQAPGKEREFVAAISRSGRSTSYADSVKGRFTISRDNSKNTVYLQMNSLRPEDTALYYCAAVGGATTVTASEWDYWGQGTLVTVSS,13260.712040000002,124,106.94122612903227,9.212508206255734,25565.0,125.0,19.27875360152983,0.094263414832436,44.41290322580646,66.85483870967741,0.0065322580645161,0.7602062513143062,10.483870967741936,44.354838709677416,62.096774193548384,26.61290322580645,53.2258064516129,46.774193548387096,11.258064516129032,9.032258064516128,0.6505,13.942310283084252,13.548854022923434,11.9986838380366,7.765412981388407,3.969468725489685,3.0958511105645874,2.878830479625959,2.122716438323937,0.5052047501894535,-3.341348931132111,-8.595579710423264,-12.03288535709226,-16.891399099604513,-18.73406005161183,1.0,169,73,4433,137,80,26,14.0,314,24,171,106,4676,24,3.0,5,2.0,32,8,2.0,2.0,7.0,4.302814814814814,4717.0,-80.31047821044922,83.95243835449219,0.0,17.0,58.0,6.0,0.0,13.0,30.0,-12.46,2.92,2.4,4.114996394386255,2.928474802604621,9.32,9.56,0,1,6126.007954406238,4574.552853462263,14.90144942149576,-15.697335381203802,Nb proprietary
1,Brivekimig1_VHH2,33,94.2383,0.057,0.1682,16,1.3787891039486937,93.97214128819763,47.95613043237655,Kinked,EVQLVESGGGVVQPGGSLRLSCAASGRTFSSIYAKGWFRQAPGKEREFVAAISRSGRSTSYADSVKGRFTISRDNSKNTVYLQMNSLRPEDTALYYCAAVGGATTVTASEWDYWGQGTLVTVSS,13274.738940000005,124,107.0543462903226,9.212511244229972,25565.0,125.0,19.25838249290648,0.0941638103506086,44.41290322580646,66.85483870967741,0.0078225806451613,0.7602062513143062,10.483870967741936,44.354838709677416,61.29032258064516,26.61290322580645,53.2258064516129,46.774193548387096,11.258064516129032,8.838709677419356,0.6685,13.943981978270456,13.565159054262834,12.128364788634602,8.096714133606056,4.0776898715544725,3.108876230032304,2.8801591182167643,2.122849568283745,0.5052180658513626,-3.341347599539256,-8.595579577263711,-12.032885343776302,-16.89139909827292,-18.73406005147867,1.0,163,69,4387,135,80,28,13.0,310,23,162,115,4620,25,5.0,6,2.0,35,14,3.0,3.0,7.0,4.306809147253687,4665.0,-80.16049194335938,86.66212463378906,0.0,20.0,59.0,6.0,0.0,11.0,28.0,-11.33,2.92,2.49,4.230275529955214,3.100210160803138,9.43,9.56,0,1,6298.899165592905,4787.796926212756,15.18806338120526,-16.310197445627914,Nb proprietary
2,Brivekimig2_VHH1,24,106.9855,0.0,0.0,8,0.8338285778893993,126.45107935243576,104.999229336634,Kinked,EVQLVESGGGVVQPGGSLRLSCAASGFTFRSFGMSWVRQAPGKGPEWVSSISGSGSDTLYADSVKGRFTISRDNSKNTLYLQMNSLRPEDTALYYCTIGGSLSRSSQGTLVTVSS,12138.51884,115,105.55233773913044,8.808378736488521,17085.0,125.0,14.075028613622846,0.1029779676150339,55.70608695652173,71.1304347826087,0.043304347826087,0.7602062513143062,8.695652173913043,44.34782608695652,61.73913043478261,23.47826086956522,52.17391304347826,47.82608695652174,9.08695652173913,7.478260869565217,0.7633,10.94510603082478,10.576343008920697,9.234845419440594,5.816586138018372,2.775750797174443,2.074132433646145,1.8786113576142751,1.1423818212410186,-0.3086140103960142,-3.187295520966145,-6.9948378761466845,-9.591365938063293,-13.361019131873784,-14.79326221566144,,143,58,3927,129,68,26,3.0,275,15,153,95,4128,13,2.0,4,4.0,22,9,4.0,4.0,1.0,4.308599903938521,4155.0,-79.1695556640625,87.05912780761719,0.0,17.0,55.0,6.0,0.0,10.0,27.0,-13.83,1.9,1.82,3.1133071122909266,3.753762249107391,8.96,8.83,0,1,5996.372113236035,4322.464659750667,15.668134516251529,-18.18747079637724,Nb proprietary
3,Caplacizumab_VHH1,37,92.0567,0.5694,1.217,21,1.5255574839245365,102.68177800924067,52.63380749368629,Kinked,EVQLVESGGGLVQPGGSLRLSCAASGRTFSYNPMGWFRQAPGKGRELVAAISRTGGSTYYPDSVEGRFTISRDNAKRMVYLQMNSLRAEDTAVYYCAAAGVRAEDGRVRTLPSEYTFWGQGTQVTVSS,13842.46674,128,108.14427140625,9.200839477591217,21555.0,125.0,15.571646589341922,0.0903018243408833,40.04999999999999,64.765625,-0.0221093749999999,0.9223874054238046,10.15625,40.625,58.59375,25.78125,56.25,43.75,11.375,9.46875,0.7485,14.943419952724474,14.559567084245698,13.075124546349572,8.736778862579365,4.228666720519557,3.126321244016685,2.881663960547521,2.120373530821421,0.4831373004611791,-3.3552960877389504,-8.092771680305608,-11.833098188201854,-18.20113558480343,-20.646677310295555,1.0,169,80,4700,144,89,42,15.0,325,22,181,118,4950,23,5.0,7,4.0,35,8,3.0,3.0,4.0,4.308783999999999,4992.0,-77.1953353881836,90.01485443115234,0.0,16.0,59.0,6.0,0.0,12.0,35.0,-21.73,2.93,2.84,3.8197906474861534,3.988697451083672,9.85,9.54,0,1,6099.079770205547,4592.406013833125,14.344442345167836,-13.929686634798298,Nb proprietary
40,Enristomig_VHH1,20,79.3627,0.0526,0.0,5,0.5634161539313097,93.81478809258098,103.18465475832836,Kinked,EVQLLESGGGEVQPGGSLRLSCAASGGIFAIKPISWYRQAPGKQREWVSTTTSSGATNYAESVKGRFTISRDNAKNTLYLQMSSLRAEDTAVYYCNVFEYWGQGTLVTVKP,12090.548140000004,111,108.92385711711717,8.729906558059156,25565.0,125.0,21.14461619438206,0.1033865450536967,31.080180180180164,71.17117117117118,0.0247747747747748,0.7602062513143062,10.81081081081081,39.63963963963964,55.85585585585585,26.126126126126124,54.054054054054056,45.94594594594595,10.405405405405403,8.306306306306306,0.6937,11.947887393632824,11.603361081398594,10.440966876513937,7.119251153051564,3.14314975461154,2.1174258596446105,1.8807561727013111,1.12009484270754,-0.5224461165752385,-4.559316893298689,-10.246337076117848,-13.253833824073723,-16.583866089086946,-17.821664045821866,1.0,160,79,3875,118,76,22,10.0,294,22,148,103,4115,27,8.0,13,2.0,45,4,4.0,4.0,3.0,4.29774154878926,4167.0,-76.9576644897461,88.65311431884766,1.0,16.0,54.0,3.0,0.0,8.0,29.0,-13.34,1.92,1.94,3.9565538932533455,3.695657783814104,9.47,9.2,0,1,5749.224540415118,4345.244484065683,14.901240188575432,-16.156827171345668,Nb proprietary
41,Enristomig_VHH2,30,106.5033,0.0568,0.0,15,1.0419628412353203,117.60131541029492,-144.06635040482462,Extended,EVQLLESGGGEVQPGGSLRLSCAASGFSFSINAMGWYRQAPGKRREFVAAIESGRNTVYAESVKGRFTISRDNAKNTVYLQMSSLRAEDTAVYYCGLLKGNRVVSPSVAYWGQGTLVTVKP,13073.79444,121,108.0478879338843,9.720015610568224,20065.0,125.0,15.34749539782423,0.0956111101284838,46.54462809917355,76.52892561983471,0.02,0.7602062513143062,9.917355371900827,38.01652892561984,57.02479338842975,28.92561983471074,57.02479338842975,42.97520661157025,12.43801652892562,7.785123966942149,0.5006,14.94788739362289,14.603361081299251,13.44096687552054,10.119251143117632,6.143149655272207,5.117424866251575,4.880746238800561,4.1199955066604215,2.4765608188948853,-1.5692180411612104,-7.34249241020146,-11.000111443472592,-15.888022098589698,-17.73372132201051,1.0,145,60,4011,116,74,20,5.0,282,19,139,99,4217,19,10.0,9,4.0,35,7,3.0,3.0,3.0,4.312267291910903,4258.0,-78.69670104980469,92.6768569946289,0.0,13.0,57.0,9.0,0.0,9.0,33.0,-11.39,4.92,4.88,4.433877175456276,3.593677905699906,10.32,9.96,0,1,6905.8922053017095,5400.580006283234,18.330356347129072,-22.504160050737912,Nb proprietary
42,Envafolimab_VHH1,37,102.3745,0.0452,1.1373,21,1.613227748114984,94.7944351197689,60.501536935752654,Kinked,QVQLVESGGGLVQPGGSLRLSCAASGKMSSRRCMAWFRQAPGKERERVAKLLTTSGSTYLADSVKGRFTISRDNSKNTVYLQMNSLRAEDTAVYYCAADSFEDPTCTLVTSSGAFQYWGQGTLVTVSS,13807.52984,128,107.871326875,8.927252269349992,18700.0,250.0,13.543334844605342,0.1810606262647772,45.28281249999999,67.8125,-0.0221093749999999,0.7602062513143062,8.59375,42.96875,59.375,25.78125,51.5625,48.4375,12.03125,8.90625,0.8654,14.942310151501587,14.548852707097582,12.998670679856646,8.765281407445025,4.96815377115633,4.08277956708924,3.755436428141553,2.3325296476315147,-0.1821056706216455,-4.079608603208618,-9.444607294522305,-13.0114213392981,-17.889165348829987,-19.73383577106752,1.0,167,82,4557,133,92,26,11.0,298,20,171,124,4807,21,6.0,5,2.0,29,7,3.0,3.0,3.0,4.306036296143535,4842.0,-78.92343139648438,82.88359069824219,0.0,20.0,55.0,6.0,0.0,10.0,37.0,-10.82,3.9,3.23,4.046655415372564,3.160569971516814,9.68,9.46,5,1,6343.362193516344,4734.95789165457,16.285729995902685,-18.38583762220472,Nb proprietary
43,Erfonrilimab_VHH2,37,102.9914,0.0,0.0,21,1.5764317661320324,117.85382269747396,10.858706355926635,Kinked,QVQLVESGGGLVQPGGSLRLSCAASGYIYSAYCMGWFRQAPGKGLEGVAAIYIGGGSTYYADSVKGRFTISRDNSKNTLYLQMNSLRAEDTAVYYCAADVIPTETCLGGSWSGPFGYWGQGTLVTVSS,13507.14844,128,105.5245971875,6.255636898335069,31650.0,250.0,23.432036851147537,0.1850871789190168,36.59453124999998,74.6875,0.164765625,0.7602062513143062,12.5,44.53125,60.15625,27.34375,63.28125,36.71875,6.90625,7.125,0.5868,8.945105893585893,8.576341636532618,7.23483169563842,3.816448907857249,0.774379281112255,0.0604953177336083,-0.2504339369458179,-1.703873057441545,-4.51566001698593,-9.909625503003332,-16.2968885102696,-19.02386961809325,-21.817843742028327,-22.85118281536479,2.0,173,75,4610,131,97,23,22.0,347,26,171,118,4860,30,,4,2.0,36,5,2.0,2.0,7.0,4.311276985743381,4905.0,-79.50546264648438,77.01873016357422,0.0,21.0,58.0,6.0,0.0,5.0,38.0,-14.58,-0.09,-0.18,3.036462696896351,3.331438662648768,6.05,6.58,4,2,6055.601333392617,4336.870405313186,16.9900839127349,-23.70603053598452,Nb proprietary
44,Gacovetug_VHH1,30,97.0469,0.0,0.1653,15,1.2682143336597356,106.98123685408804,38.39423521963944,Kinked,QVQLQESGGGLVQPGGSLRLSCTASGSISSINAMGWYRQAPGSKREFVAHITNTGVTEFADSVKGRFTISRDNAKTTVDLQMNSLKPEDTAVYYCAATDWGTLLIKGIDHWGKGTQVTVSS,12912.45214,121,106.71448049586776,8.12131483759731,21095.0,125.0,16.336943418091927,0.0968057799128462,31.701652892561963,74.13223140495869,0.0409917355371901,0.7602062513143062,9.090909090909092,41.32231404958678,59.50413223140496,26.44628099173553,51.2396694214876,48.7603305785124,12.132231404958675,9.305785123966942,0.9106,13.940618590074466,13.53234903134621,11.867005083082324,7.414311825388254,3.679449161581944,2.0830236128584927,1.0612944430052675,0.1619513307184991,-1.313505644210388,-4.404316090273676,-9.276590205596976,-12.00713638193498,-14.81595744704092,-15.850991965927273,1.0,158,56,4271,132,91,21,7.0,292,28,165,106,4486,16,4.0,4,2.0,23,10,3.0,3.0,2.0,4.309765694076038,4514.0,-80.5330581665039,92.37933349609376,0.0,16.0,63.0,6.0,0.0,9.0,27.0,-16.3,1.4,1.3,3.0669453235298496,2.856287643820428,8.68,8.63,0,1,6144.841491083983,4590.818286192246,14.854199854758257,-16.682751145995667,Nb proprietary
45,Gefurulimab_VHH1,32,97.0406,0.0627,0.1806,17,1.4154058993190126,96.80361239468222,53.45626867818011,Kinked,EVQLVESGGGLVKPGGSLRLSCAASGRPVSNYAAAWFRQAPGKEREFVSAINWQKTATYADSVKGRFTISRDNAKNSLYLQMNSLRAEDTAVYYCAAVFRVVAPKTQYDYDYWGQGTLVTVSS,13486.13484,123,109.64337268292684,9.387185362167656,28545.0,125.0,21.16618314932998,0.0926877874817392,35.60081300813006,72.1951219512195,0.0026016260162601,0.7602062513143062,12.195121951219512,37.39837398373984,58.53658536585365,30.08130081300813,56.09756097560976,43.90243902439025,12.504065040650406,9.065040650406504,0.769,14.942310280795049,14.548854000031367,12.998683609115952,8.765410692183421,4.969445833585883,4.095622206132788,3.876542894785576,3.099985403546994,1.2913282302085336,-3.713374744926612,-10.84707935454144,-14.6953532875174,-19.11424606125915,-20.7624618822164,1.0,155,70,4349,129,82,24,18.0,313,17,160,100,4575,25,3.0,4,2.0,32,6,3.0,3.0,5.0,4.312845704392989,4615.0,-81.08457946777344,97.96749114990234,0.0,16.0,59.0,9.0,0.0,11.0,28.0,-16.01,3.92,3.83,3.854981940994076,3.1753773023365,9.73,9.61,0,1,6274.479346394285,4870.591336591165,16.70951320554185,-18.92543827264346,Nb proprietary
46,Gefurulimab_VHH2,35,122.8741,0.184,0.0624,19,1.519284700681302,103.6134789521578,55.82790250184683,Kinked,EVQLVESGGGLVQPGGSLRLSCAASGRAHSDYAMAWFRQAPGQEREFVAGIGWSGGDTLYADSVRGRFTNSRDNSKNTLYLQMNSLRAEDTAVYYCAARQGQYIYSSMRSDSYDYWGQGTLVTVSS,13787.12624,126,109.42163682539685,5.601430913899094,30035.0,125.0,21.78481539746893,0.0906642891521097,40.739682539682526,61.98412698412699,-0.0288888888888888,0.8660362776710114,12.698412698412698,40.47619047619048,57.14285714285714,24.6031746031746,53.96825396825397,46.03174603174603,9.936507936507937,10.968253968253968,0.7727,12.937832840590184,12.50496001891234,10.6318423383013,5.373038015099126,0.9640597434382884,-0.3954220625284342,-1.0310369135541153,-1.883817419739109,-3.643433074111376,-8.04030976581968,-13.07147100385983,-16.345127608690547,-21.66606144190193,-23.70540956053123,1.0,169,74,4389,138,92,26,12.0,303,19,181,111,4633,32,3.0,7,3.0,43,11,2.0,2.0,5.0,4.302686408180656,4683.0,-78.21187591552734,90.1016082763672,1.0,19.0,61.0,3.0,0.0,8.0,34.0,-16.35,-0.84,-0.96,4.064564504371599,2.903943383465865,5.62,5.94,0,1,6678.411906690719,5073.90736929303,15.539964049319842,-20.64147433631348,Nb proprietary
47,Gocatamig2_VHH1,26,138.6807,0.0,1.1149,11,0.818210270050077,115.02858695560576,-156.8938490427642,Extended,EVQLVESGGGLVQPGGSLTLSCAASSSSVSLLSLAWYRQAPGKKRELVAGISDDGSIVYMDSVKGRFTISRDNAKNSVYLQMNSLRAEDTAVYYCYAYSWITRSPYWGQGTLVTVSS,12630.189740000002,117,107.95033965811967,8.077179421670735,28545.0,125.0,22.600610590668765,0.0989692178606969,44.50085470085469,84.95726495726494,0.0759829059829059,0.7602062513143062,10.256410256410255,40.17094017094017,58.97435897435898,29.914529914529915,55.55555555555556,44.44444444444444,9.128205128205128,8.418803418803419,0.6809,10.942872306667065,10.554445973308846,9.051923884004422,5.1253462892448285,1.8184722450018165,1.078209799342635,0.8753644623442745,0.1057588816927371,-1.650695317644591,-6.251033104898346,-12.289150133455722,-15.263382675276793,-18.58489605429888,-19.82176782369446,1.0,137,76,3884,116,75,21,26.0,266,14,145,97,4098,17,6.0,7,2.0,28,9,1.0,1.0,5.0,4.31005554213958,4132.0,-78.26837158203125,91.20854949951172,0.0,20.0,58.0,3.0,0.0,9.0,27.0,-16.64,0.92,0.93,3.4959651861423,3.5599139022633177,8.68,8.46,0,1,6383.553871294727,4942.195037049865,18.935443145669243,-28.291907080514093,Nb proprietary
48,Gontivimab_VHH1,35,99.3981,0.0426,0.1069,19,1.3628201321000857,94.03460159504584,51.76665878077101,Kinked,DVQLVESGGGLVQAGGSLSISCAASGGSLSNYVLGWFRQAPGKEREFVAAINWRGDITIGPPNVEGRFTISRDNAKNTGYLQMNSLAPDDTAVYYCGAGTPLNPGAYIYDWSYDYWGRGTQVTVSS,13422.811840000002,126,106.53025269841272,4.337810550350696,34045.0,125.0,25.36353813628367,0.0931250482313249,21.73412698412697,72.77777777777776,0.104047619047619,0.7205455145552341,11.904761904761903,39.68253968253968,62.698412698412696,26.984126984126984,60.31746031746032,39.68253968253968,6.761904761904762,10.174603174603174,0.4609,8.938404866334597,8.5106519819148,6.686081611428554,1.7428745746569732,-2.096005030304077,-2.9128372341604725,-3.1231525016417088,-3.888266735141,-5.593354192407817,-9.795289558468728,-14.79532420126112,-17.328930449252294,-20.591650051002137,-21.822445282364463,1.0,145,68,4185,134,77,28,18.0,288,19,167,98,4399,24,4.0,5,2.0,32,9,3.0,3.0,5.0,4.308149730215828,4439.0,-81.40953063964844,88.39602661132812,0.0,18.0,59.0,9.0,0.0,8.0,32.0,-18.66,-3.08,-3.15,2.980828725813973,3.104303410056809,3.57,4.55,0,1,6321.960489609307,4634.038436484762,17.763160424296874,-28.86568426313349,Nb proprietary
49,Gontivimab_VHH2,35,91.424,0.0433,0.1056,19,1.3591966486093177,94.507830954827,45.75768688460938,Kinked,EVQLVESGGGLVQAGGSLSISCAASGGSLSNYVLGWFRQAPGKEREFVAAINWRGDITIGPPNVEGRFTISRDNAKNTGYLQMNSLAPDDTAVYYCGAGTPLNPGAYIYDWSYDYWGRGTQVTVSS,13436.83874,126,106.6415773015873,4.397095118183643,34045.0,125.0,25.337060791428385,0.0930278337179776,21.73412698412697,72.77777777777776,0.1053174603174603,0.7205455145552341,11.904761904761903,39.68253968253968,61.90476190476191,26.984126984126984,60.31746031746032,39.68253968253968,6.761904761904762,9.968253968253968,0.5086,8.940076561520799,8.526957013254195,6.815762562026557,2.0741757268746213,-1.9877838842392888,-2.899812114692756,-3.121823863050904,-3.888133605181192,-5.593340876745907,-9.795288226875872,-14.795324068101566,-17.328930435936332,-20.591650049670545,-21.822445282231303,1.0,146,77,4145,133,81,28,13.0,282,19,163,109,4369,20,4.0,6,2.0,29,8,3.0,3.0,4.0,4.305912077951508,4405.0,-81.00792694091797,90.076171875,0.0,18.0,59.0,9.0,0.0,8.0,32.0,-19.09,-3.08,-3.09,3.0295804991763045,3.1324837766017533,3.67,4.62,0,1,6420.192323286388,4747.719932155739,18.286140461837128,-30.34220903868801,Nb proprietary
50,Isecarosmab_VHH1,33,86.4371,0.3357,1.2159,17,1.4517221315234696,97.1280244837272,39.46311643526455,Kinked,DVQLVESGGGVVQPGGSLRLSCAASGRTVSSYAMGWFRQAPGKEREFVAGISRSAERTYYVDSLKGRFTISRDNSKNTVYLQMNSLRPEDTALYYCAADLDPNRIFSREEYAYWGQGTLVTVSS,13694.237540000002,124,110.43739951612903,8.079889777116477,23045.0,125.0,16.828246138338855,0.0912792695722437,44.1048387096774,69.19354838709677,-0.0491129032258064,0.7586184767468797,11.29032258064516,37.096774193548384,56.451612903225815,25.806451612903224,53.2258064516129,46.774193548387096,11.870967741935484,11.64516129032258,0.7625,14.938952510658815,14.515773075519752,12.709282100454766,7.354305414803,2.314172113417284,1.1351009014205236,0.8814147920874633,0.1091139021688857,-1.6236265151423634,-6.039657909958995,-11.702495524014047,-15.539952541247608,-21.42853306315359,-23.67553534614373,1.0,186,58,4619,143,87,31,21.0,331,20,167,110,4864,24,3.0,4,2.0,31,8,2.0,2.0,6.0,4.303198941152514,4903.0,-81.08950805664062,87.76048278808594,0.0,20.0,57.0,6.0,0.0,13.0,28.0,-18.51,0.93,0.82,3.323854012121076,2.9412953551291694,8.44,8.47,0,1,6232.346170129759,4841.798259667757,14.525859715834244,-16.376548939453833,Nb proprietary
51,Isecarosmab_VHH2,24,96.4899,0.0,0.0,8,0.8036008068608476,102.93439091459484,52.14073776644416,Kinked,EVQLVESGGGVVQPGNSLRLSCAASGFTFSSFGMSWVRQAPGKGLEWVSSISGSGSDTLYADSVKGRFTISRDNAKTTLYLQMNSLRPEDTALYYCTIGGSLSRSSQGTLVTVSS,12113.50604,115,105.33483513043478,8.110360163263977,17085.0,125.0,14.104091700275406,0.1031906036016637,50.97565217391303,75.39130434782608,0.0742608695652174,0.7602062513143062,8.695652173913043,45.21739130434783,61.73913043478261,25.217391304347824,52.17391304347826,47.82608695652174,8.217391304347826,7.478260869565217,0.747,9.945106030828091,9.576343008953812,8.234845419771725,4.816586141329682,1.7757508302875538,1.0741327647771568,0.8786146689145253,0.1424149332567249,-1.3082829888860552,-4.183995138345305,-7.962786098118814,-10.342606731597003,-13.5929671287062,-14.822576456931891,1.0,151,71,4040,124,80,22,3.0,278,21,152,113,4263,15,2.0,5,4.0,25,11,6.0,6.0,1.0,4.299475150952159,4295.0,-78.84522247314453,86.50782012939453,0.0,16.0,54.0,6.0,0.0,10.0,29.0,-12.97,0.92,0.89,3.001585942235369,3.83398576302485,8.67,8.61,0,1,5735.224911197414,4093.600668113012,15.387361522071751,-18.406827910791144,Nb proprietary
52,Letolizumab_VHH1,27,95.1284,0.2719,0.2811,11,0.9977219202003172,114.12870812842668,-60.77093190604734,Other,EVQLLESGGGLVQPGGSLRLSCAASGFTFNWELMGWARQAPGKGLEWVSGIEGPGDVTYYADSVKGRFTISRDNSKNTLYLQMNSLRAEDTAVYYCVKVGKDAKSDYRGQGTLVTVSS,12722.249540000004,118,107.81567406779664,6.491435925010592,25565.0,125.0,20.09471667696906,0.0982530641353855,26.8415254237288,74.32203389830508,0.0316949152542373,0.7602062513143062,10.16949152542373,38.13559322033898,57.6271186440678,26.27118644067797,55.932203389830505,44.06779661016949,11.084745762711863,11.084745762711863,0.8748,12.93951453676744,12.521365051163285,10.76252239900376,5.714241248468792,1.1632008907858429,0.117712145036917,-0.1195280472764832,-0.8828468133792325,-2.551112127591657,-6.787188211372783,-12.993249996701271,-16.221059932534587,-19.580489090280185,-20.82132531644135,1.0,147,76,4131,119,76,28,,284,16,150,104,4355,17,1.0,4,4.0,25,6,6.0,6.0,,4.315981329690346,,-74.96102905273438,94.41438293457033,1.0,18.0,54.0,3.0,0.0,10.0,32.0,-16.75,-0.08,-0.11,3.104666645026749,3.1859176033225416,6.56,6.67,0,1,6251.747714693163,4710.639812374267,16.20744722636462,-21.51852966602463,Nb proprietary
53,Lofacimig_VHH1,39,155.4699,0.0,0.0,23,1.4901279939390242,86.62967498340667,43.53188986355693,Kinked,QVQLVESGGGSVQAGGSLRLSCAASGHTYSSNYCMAWFRQAPGKEREGVAAIYSDGSTSYADSVKGRFTISKDNSKNTLYLQMNSLRAEDTAVYYCAATAYEGSWTGKQPLCLLYEYTYWGQGTLVTVSS,14047.54944,130,108.05807261538462,6.783031211234629,33140.0,250.0,23.59130333838497,0.1779669835424334,29.2253846153846,63.84615384615384,0.0454615384615384,0.7100412644264213,13.076923076923078,44.61538461538462,58.46153846153847,25.384615384615383,54.61538461538461,45.38461538461539,9.846153846153848,8.615384615384617,0.8521,11.943971841694207,11.56505769750015,10.127352120097392,6.086676475985025,1.9854148909168368,0.5952953717205401,-0.1574150824674285,-1.7079410733102502,-4.650395317579031,-10.825056381188924,-18.68556678721575,-21.9467082595198,-24.809916122084577,-25.85038787029653,1.0,165,78,4295,142,87,24,14.0,295,19,168,98,4539,26,4.0,5,2.0,34,6,5.0,5.0,5.0,4.314083678361299,4583.0,-78.28307342529297,91.1069107055664,0.0,19.0,59.0,6.0,0.0,9.0,37.0,-19.02,0.14,-0.19,3.5885491006388066,3.0210498389758342,6.65,7.19,5,1,6945.822341954388,5033.214120353059,18.126560648191145,-26.96863437600297,Nb proprietary
54,Lofacimig_VHH2,35,119.6774,0.0,1.5286,20,1.3175446457745037,100.62486301467,-131.20267727080062,Extended,QVQLVESGGSVQAGGSLRLSCTASEFTFDDSDMAWYRQAPGNECELVSTITSDGGTYYADSVKGRFTISQDNSKNTMYLQMNSLRAEDTAVYYCAADQWGSAEGDCTSSYPGGYWGQGTLVTVSS,13410.50394,125,107.28403152,3.695238175336272,28670.0,250.0,21.37876408543078,0.1864210331830378,44.96479999999999,54.64,0.0316,0.7061570000563113,11.2,44.8,63.2,21.6,51.2,48.8,5.2,13.8,0.8338,6.932813242729526,6.455672728680865,4.213745636305062,-2.359599853904022,-7.709849541802913,-8.882125583668644,-9.242652097090296,-10.68343939938437,-13.32972965075191,-17.758864460529114,-22.728197652527022,-24.831109325381185,-27.05551576945024,-27.88107073734246,1.0,148,68,4034,125,78,20,7.0,259,17,156,102,4251,20,,5,5.0,30,3,3.0,3.0,4.0,4.31089489629457,4288.0,-80.60321807861328,90.2711944580078,0.0,18.0,57.0,6.0,0.0,8.0,36.0,-18.27,-9.09,-9.14,3.0649441988013137,3.891679898149341,3.04,3.89,5,1,6779.459133366852,5050.578097857723,17.03528945858902,-32.791388585440004,Nb proprietary
55,Lunsekimig1_VHH1,32,73.4039,0.0,0.0,16,1.2316878641710851,98.2771011097212,58.28349984750984,Kinked,DVQLVESGGGVVQPGGSLRLSCAASGRTFSSYRMGWFRQAPGKEREFVAALSGDGYSTYTANSVKGRFTISRDNSKNTVYLQMNSLRPEDTALYYCAAKLQYVSGWSYDYPYWGQGTLVTVSS,13496.99944,123,109.73170276422763,9.066234284080563,31525.0,125.0,23.357043274797675,0.0926131771403555,35.19349593495934,62.60162601626016,0.0077235772357723,0.7602062513143062,13.821138211382117,39.83739837398374,58.53658536585365,23.577235772357724,55.28455284552846,44.71544715447154,10.504065040650406,8.252032520325203,0.8091,12.942872304958165,12.55444595621986,11.051923713114563,7.125344580347579,3.818455156159717,3.078038923960458,2.8736570113071487,2.088813561306855,0.1917672894494483,-5.177217413492535,-12.142979268799625,-15.737676008009972,-20.11865302305289,-21.76290438924702,1.0,156,78,4432,123,88,22,10.0,288,23,150,124,4667,27,7.0,9,3.0,42,7,4.0,4.0,5.0,4.305413756613757,4718.0,-75.64958953857422,90.15528106689452,0.0,18.0,58.0,6.0,0.0,12.0,29.0,-7.65,2.91,2.83,4.146167964987621,3.203492812481532,9.39,9.34,0,1,6468.730645517722,4956.477148437912,16.875535263646775,-20.379870770418748,Nb proprietary
56,Lunsekimig1_VHH2,35,116.8896,0.0,0.0,19,1.393892747297849,95.07288167935778,55.3683755180048,Kinked,EVQLVESGGGVVQPGGSLRLSCAASGFTFNNYAMKWVRQAPGKGLEWVSSITTGGGSTDYADSVKGRFTISRDNSKNTLYLQMNSLRPEDTALYYCANVPFGYYSEHFSGLSFDYRGQGTLVTVSS,13632.116040000004,126,108.19139714285716,6.936381592415273,23045.0,125.0,16.904932390819052,0.0916952288501792,38.512698412698384,65.71428571428571,0.0580952380952381,0.7602062513143062,13.492063492063492,39.68253968253968,59.523809523809526,23.015873015873016,54.761904761904766,45.23809523809524,9.761904761904765,8.968253968253968,0.733,11.94230028149191,11.548754015999014,9.997684667803398,5.755510298948704,1.8785427113040487,0.5956818908374703,-0.0319513240008246,-0.884162331884404,-2.649678534167712,-7.250931336621099,-13.28913995572781,-16.263381657494996,-19.58489595252061,-20.82176781351664,1.0,156,71,4259,118,81,23,3.0,287,26,158,114,4487,18,7.0,7,4.0,31,9,5.0,5.0,3.0,4.307600882028666,4526.0,-78.66506958007812,85.50556945800781,1.0,16.0,57.0,9.0,0.0,8.0,35.0,-9.61,0.16,0.31,3.5795487573479114,3.884636018344098,7.26,7.24,0,1,6636.585860493448,4825.194895836242,16.870435302538997,-22.88584436471806,Nb proprietary
57,Lunsekimig2_VHH1,26,116.1924,0.0,0.0477,11,0.8504631769323002,113.69806861106832,-133.0509136323658,Extended,EVQLVESGGGVVQPGGSLRLSCAASGSGFGVNILYWYRQAAGIERELIASITSGGITNYVDSVKGRFTISRDNSENTMYLQMNSLRAEDTGLYYCASRNIFDGTTEWGQGTLVTVSS,12529.899240000002,117,107.09315589743592,4.504461613018066,20065.0,125.0,16.01369621229292,0.0997613768520615,43.15299145299144,81.62393162393163,0.0835897435897436,0.7602062513143062,9.401709401709402,41.02564102564102,58.119658119658126,27.35042735042736,54.70085470085471,45.2991452991453,6.982905982905983,9.982905982905985,0.5204,8.943419953887288,8.55956709587385,7.075124662631118,2.736780025394069,-1.771321651406431,-2.8735624825468524,-3.1171740348809127,-3.8680788357037215,-5.408103821243588,-8.65113107642708,-12.290737079093232,-14.633688587424691,-18.365426086554407,-19.79370472198075,1.0,147,53,4059,114,86,18,10.0,264,22,151,104,4260,17,8.0,7,4.0,30,6,2.0,2.0,2.0,4.3076232558139536,4294.0,-77.10171508789062,94.47349548339844,0.0,18.0,59.0,3.0,0.0,9.0,28.0,-6.11,-3.07,-2.94,2.4272567022491414,3.554285243384088,4.56,4.74,0,1,6280.407739786349,4650.368699372859,17.245528541027525,-27.17877275474069,Nb proprietary
58,Lunsekimig3_VHH1,36,97.2167,0.0979,1.8838,18,1.4790361912527,113.83896837478402,58.282239726261686,Kinked,EVQLVESGGGVVQPGGSLRLSCAASGFTFADYDYDIGWFRQAPGKEREGVSCISNRDGSTYYADSVKGRFTISRDNSKNTVYLQMNSLRPEDTALYYCAVEIHCDDYGVENFDFDPWGQGTLVTVSS,13978.297840000005,127,110.06533732283468,4.09815237717703,23170.0,250.0,16.57569488446384,0.1788486716062131,43.843307086614175,64.40944881889763,0.0037007874015748,0.7602062513143062,13.385826771653544,35.43307086614173,59.84251968503938,22.83464566929134,53.54330708661418,46.45669291338583,9.511811023622048,16.511811023622048,0.8208,11.927773776326612,11.406186771024016,8.793664057998502,0.888091545915559,-5.564265303747458,-7.355790052733941,-8.149379882878138,-9.676313141499636,-12.358363093975386,-16.996534273279014,-22.57125564097496,-25.54461202661,-29.35629467748305,-30.792789273884274,1.0,177,79,4387,132,81,31,29.0,293,22,167,126,4644,15,11.0,9,2.0,29,6,2.0,2.0,8.0,4.29976754105353,4683.0,-76.094482421875,82.55905151367188,2.0,17.0,52.0,6.0,0.0,13.0,37.0,-16.74,-7.85,-7.11,2.852525706133324,3.1528684594907754,3.73,4.3,4,2,6482.15957951969,4828.190049346896,15.516835772420697,-26.73293367964438,Nb proprietary
59,Ozekibart_VHH1,32,79.6716,0.2095,0.0,16,1.2988714625735889,95.00305739810032,42.04491370323041,Kinked,EVQLLESGGGEVQPGGSLRLSCAASGLTFPNYGMGWFRQAPGKEREFVSAIYWSGGTVYYAESVKGRFTISRDNAKNTLYLQMSSLRAEDTAVYYCAVTIRGAATQTWKYDYWGQGTLVTVKPG,13598.27734,124,109.66352693548389,8.664023536257446,35535.0,125.0,26.13198650940296,0.0919234082925389,32.3024193548387,67.66129032258064,0.0625,0.7602062513143062,13.709677419354838,39.516129032258064,54.83870967741935,25.806451612903224,58.87096774193549,41.12903225806452,10.64516129032258,8.64516129032258,0.7421,12.945653670614744,12.581464057183108,11.258045455041383,7.428012443913549,3.1858825987211468,2.121617180860484,1.878648102901128,1.0947877525241707,-0.7580856960982929,-5.9419921442649,-12.962977178409602,-16.467755405774085,-20.348397535436103,-21.791997376646925,1.0,195,106,4618,131,86,30,33.0,352,22,161,138,4920,33,5.0,9,5.0,49,8,2.0,2.0,9.0,4.286547714514835,4980.0,-79.42438507080078,90.60894012451172,0.0,16.0,61.0,9.0,0.0,12.0,25.0,-15.43,1.92,1.88,3.9032756969589766,3.458361269440954,9.27,9.05,0,1,6182.678516591227,4577.968824456395,15.900007812750363,-18.72403524831009,Nb proprietary
60,Ozoralizumab_VHH1,24,83.6546,0.1001,0.0,8,0.9798011819556648,112.91011115085698,15.642471225857596,Kinked,EVQLVESGGGLVQPGGSLRLSCAASGFTFSDYWMYWVRQAPGKGLEWVSEINTNGLITKYPDSVKGRFTISRDNAKNTLYLQMNSLRPEDTAVYYCARSPSGFNRGQGTLVTVSS,12608.151140000002,115,109.63609686956524,8.738837067969143,25565.0,125.0,20.27656530773472,0.0991422125353741,42.76347826086956,72.0,0.0256521739130434,0.7602062513143062,11.304347826086955,36.52173913043478,57.391304347826086,24.347826086956523,54.78260869565217,45.21739130434783,10.08695652173913,8.347826086956522,0.7969,11.94454400355223,11.570751021637893,10.181605004498888,6.456649140425793,2.92671038056937,2.091404800799495,1.878390618071456,1.1227379959913084,-0.4941376736065972,-4.334748612573822,-9.53147619903588,-12.535366948626516,-16.35529509371603,-17.7926885341974,1.0,154,67,4211,122,76,25,7.0,280,20,155,114,4433,28,6.0,6,4.0,41,9,4.0,4.0,2.0,4.301946981510359,4480.0,-77.04782104492188,88.18437194824219,0.0,20.0,55.0,6.0,0.0,7.0,27.0,-16.44,1.92,1.84,2.7922798194116143,3.996247763719252,9.22,9.22,0,1,5841.900964716973,4410.249933521826,16.026091204635033,-19.09210134289135,Nb proprietary
61,Ozoralizumab_VHH2,24,111.0197,0.0,0.0,8,0.853596158098202,98.58719679492008,119.69449497783982,Kinked,EVQLVESGGGLVQPGNSLRLSCAASGFTFSSFGMSWVRQAPGKGLEWVSSISGSGSDTLYADSVKGRFTISRDNAKTTLYLQMNSLRPEDTAVYYCTIGGSLSRSSQGTLVTVSS,12113.50604,115,105.33483513043478,8.110360163263977,17085.0,125.0,14.104091700275406,0.1031906036016637,50.31999999999999,75.39130434782608,0.0742608695652174,0.7602062513143062,8.695652173913043,45.21739130434783,61.73913043478261,25.217391304347824,52.17391304347826,47.82608695652174,8.217391304347826,7.478260869565217,0.7546,9.945106030828091,9.576343008953812,8.234845419771725,4.816586141329682,1.7757508302875538,1.0741327647771568,0.8786146689145253,0.1424149332567249,-1.3082829888860552,-4.183995138345305,-7.962786098118814,-10.342606731597003,-13.5929671287062,-14.822576456931891,1.0,134,65,3900,117,77,26,3.0,264,15,156,98,4100,14,4.0,6,4.0,26,6,5.0,5.0,1.0,4.310120831319478,4132.0,-77.04261016845703,87.90608215332031,0.0,18.0,53.0,6.0,0.0,8.0,30.0,-17.05,0.92,0.92,2.9381820144094206,3.81927064262496,8.74,8.61,0,1,5963.475269508776,4331.556853749408,16.55437817372924,-21.414866092585708,Nb proprietary
62,Podentamig1_VHH1,28,86.3132,0.02,0.0,14,0.9225983659369488,114.095090743424,-165.52953069978682,Extended,EVQLVESGGGLVQPGRSLTLSCAASTNIFSISPYGWYRQAPGKQRELVAAIHGTSTLYADSVKGRFTISRDNAKNSIYLQMNSLRPEDTALYYCNKVPWGDYHPGNVYWGQGTQVTVSS,13049.579740000005,119,109.66033394957984,8.69394354056567,28545.0,125.0,21.874267653618706,0.0957885253705495,41.4470588235294,74.53781512605042,0.0319327731092437,0.7602062513143062,12.605042016806722,36.134453781512605,57.14285714285714,26.05042016806723,54.6218487394958,45.37815126050421,11.042016806722687,7.3613445378151265,0.6801,12.945086027328417,12.57614299195508,11.232847047806446,7.796780461461572,4.593895652037099,3.073762827315518,2.056736160007452,1.1255161955267146,-0.6487017824625585,-5.250833571579738,-11.289130178324076,-14.263380679745625,-17.584895854745586,-18.82176780373913,1.0,147,79,4098,122,83,22,3.0,283,16,151,117,4325,24,5.0,7,2.0,35,10,2.0,2.0,3.0,4.304450285714286,4365.0,-78.0168228149414,87.63192749023438,0.0,18.0,55.0,3.0,0.0,8.0,35.0,-11.43,2.4,2.99,4.057911014023652,4.719087644408757,9.04,9.11,0,1,6601.246336618574,5095.222300992548,18.3518446819766,-24.45840156335852,Nb proprietary
63,Podentamig1_VHH2,24,98.5929,0.0,0.0,8,0.827796689360352,93.28601444056874,68.52085462410832,Kinked,EVQLVESGGGLVQPGNSLRLSCAASGFTFSKFGMSWVRQAPGKGLEWVSSISGSGRDTLYADSVKGRFTISRDNAKTTLYLQMNSLRPEDTAVYYCTIGGSLSVSSQGTLVTVSS,12166.65634,115,105.79701165217392,8.796626769937575,17085.0,125.0,14.042477672218034,0.1027398132295729,43.14956521739129,77.91304347826087,0.0737391304347826,0.7602062513143062,8.695652173913043,43.47826086956522,60.86956521739131,26.08695652173913,53.04347826086957,46.95652173913044,9.217391304347826,7.478260869565217,0.8328,10.94510603053297,10.5763430060026,9.234845390259633,5.816585846208847,2.7757478790870365,2.0741032535558284,1.8783196350625213,1.1394724080376353,-0.336949084688473,-3.411866464876722,-7.709699019547756,-10.309832840142418,-13.589590129907892,-14.822237727552224,1.0,152,69,4035,121,77,22,4.0,285,25,155,102,4257,16,2.0,5,4.0,26,8,5.0,5.0,1.0,4.306327670467768,4289.0,-80.39128875732422,87.48260498046875,0.0,20.0,53.0,6.0,0.0,7.0,29.0,-16.56,1.92,1.88,3.654289000275551,3.863923035845744,9.48,9.37,0,1,5921.974135301623,4257.765570802458,15.669503924380662,-18.130968288748747,Nb proprietary
64,Porustobart_VHH1,28,103.6068,0.1575,0.0,13,1.1085082441923682,112.66805449987338,-175.5160649930941,Extended,EVQLVESGGGLIQPGGSLRLSCAVSGFTVSKNYMSWVRQAPGKGLEWVSVVYSGGSKTYADSVKGRFTISRDNSKNTLYLQMNSLRAEDTAVYYCARAVPHSPSSFDIWGQGTMVTVSS,12822.431340000005,119,107.75152386554626,9.196640006266534,25565.0,125.0,19.93771642999493,0.0974854118423378,44.396638655462176,73.61344537815127,0.0603361344537815,0.7602062513143062,10.92436974789916,39.49579831932773,60.50420168067227,26.05042016806723,54.6218487394958,45.37815126050421,11.042016806722687,7.3613445378151265,0.7252,12.945096028635572,12.576242996027633,11.233846189520948,7.806682858714374,4.684818814361552,3.573903529214344,2.967232863682981,2.1295517765630847,0.4785084706220653,-3.5592213447596466,-9.24632752036486,-12.253832868489434,-15.583865993528429,-16.82166403626601,1.0,152,53,4190,121,89,21,4.0,299,16,152,110,4396,26,2.0,3,3.0,33,5,1.0,1.0,,4.311059751972943,,-82.775634765625,95.99494934082033,0.0,23.0,56.0,3.0,0.0,6.0,31.0,-12.0,3.16,3.02,3.0592041294333483,3.580214342206532,9.48,9.54,0,1,6051.234342843392,4429.768783594709,15.827747087776114,-17.39718259678033,Nb proprietary
65,Produvofusp_VHH1,38,90.6012,0.0,0.285,22,1.5667025601816804,94.49144156155305,65.03717284062638,Kinked,QVQLVESGGGLVKPGGSLRLSCAASGRTFSSYAMGWFRQAPGKEREFVSAISGSGGSTYYADSVKGRFTISRDNAKNSLYLQMNSLRAEDTAVYYCAADLGDGSWVDYVNAEPYEYDYWGQGTLVTVSS,13929.340340000002,129,107.97938248062016,4.738988315220922,31525.0,125.0,22.632083954091968,0.0897386358211418,33.23023255813953,65.03875968992247,0.0391472868217054,0.7602062513143062,13.178294573643411,41.08527131782946,59.68992248062015,25.58139534883721,56.58914728682171,43.41085271317829,9.426356589147286,11.651162790697676,0.8406,11.937280813488464,11.499468024338835,9.5796009514416,4.023002278435134,-0.7940688740114535,-1.87812261786463,-2.121896463590972,-2.910708401301657,-4.807857190452898,-10.173912580952416,-17.11092704577922,-20.488916757044425,-24.350601015435377,-25.79221863007248,1.0,176,76,4701,129,88,21,13.0,306,21,167,127,4954,20,11.0,11,4.0,39,12,5.0,5.0,5.0,4.303290129611167,5003.0,-80.06588745117188,89.80929565429688,0.0,19.0,60.0,9.0,0.0,12.0,29.0,-10.0,-2.08,-2.12,4.369396081729942,3.1790830374559937,4.7,4.96,0,1,6313.520279500069,4642.599828998594,15.834822563215411,-22.555440857094048,Nb proprietary
66,Rimteravimab_VHH1,34,89.5058,0.0,0.6453,18,1.431872144703911,100.15174680742376,53.87401271607781,Kinked,DVQLVESGGGLVQPGGSLRLSCAASGRTFSEYAMGWFRQAPGKEREFVATISWSGGATYYTDSVKGRFTISRDNAKNTVYLQMNSLRPEDTAVYYCAAAGLGTVVSEWDYDYDYWGQGTLVTVSS,13624.049740000002,125,108.99239792000002,4.5065758735872805,35535.0,125.0,26.0825530427049,0.0917495182309867,39.20319999999999,65.52,0.05856,0.7602062513143062,13.6,40.8,60.0,25.6,56.8,43.2,8.600000000000001,11.8,0.8542,10.937280814634724,10.499468035801426,8.579601066067488,3.023003424693284,-1.794057411502998,-2.8780080000832235,-3.1207510155206544,-3.8993263279053294,-5.70075341970746,-10.486249482744745,-16.469151334706194,-19.53330318859871,-23.35515153302428,-24.792674835405418,1.0,158,64,4525,129,86,28,19.0,328,19,159,115,4748,22,6.0,9,3.0,36,8,4.0,4.0,7.0,4.302669165105143,4795.0,-81.74319458007812,92.54242706298828,0.0,15.0,59.0,12.0,0.0,8.0,31.0,-15.98,-3.08,-3.16,3.529443608926448,3.0109466360934287,3.96,4.73,0,1,6161.617985639506,4534.534549647036,15.912036190803011,-23.795221002600123,Nb proprietary
67,Sonelokimab1_VHH1,32,104.101,0.0705,0.2398,16,1.3220357054514895,94.05942670131328,57.65177717182442,Kinked,DVQLVESGGGLVQPGGSLRLSCAASGRTFSSYVVGWFRQAPGKEREFIGAISGSGESIYYAVSEKGRFTISRDNSKNTLYLQMNSLRPEDTAVYYCTADQEFGYLRFGRSEYWGQGTLVTVSS,13476.94784,123,109.56868162601629,6.529972338117659,23045.0,125.0,17.099569037138902,0.0927509711278959,46.510569105691054,68.130081300813,0.0143089430894308,0.6769990021226744,13.008130081300814,39.02439024390244,54.47154471544715,23.577235772357724,54.47154471544715,45.52845528455284,10.317073170731708,10.504065040650406,0.7145,12.942857926312996,12.553975105573612,11.021884217515057,6.376842726058034,1.3796349145617577,0.1436797111231463,-0.1176964308762369,-0.8907314102039346,-2.6229556232765057,-7.033056259807852,-12.638391879467113,-16.04243411946591,-20.89242905593351,-22.73416382859613,1.0,167,61,4323,127,81,33,11.0,294,23,161,105,4552,25,9.0,13,2.0,42,5,6.0,6.0,4.0,4.300138858754611,4604.0,-80.19756317138672,82.08696746826172,1.0,13.0,58.0,6.0,0.0,15.0,30.0,-18.39,-0.07,-0.13,3.937834120999053,3.35020169676892,6.42,6.71,0,1,6413.079165954375,4867.900105835292,15.910988872425834,-20.762504702224387,Nb proprietary
68,Sonelokimab2_VHH1,31,97.9657,0.2332,1.4517,17,1.347861361241381,99.651269704001,60.546006961835495,Kinked,EVQLVESGGGLVQPGGSLRLSCAASGRTYDAMGWLRQAPGKEREFVAAISGSGDDTYYADSVKGRFTISRDNSKNTLYLQMNSLRPEDTAVYYCATRRGLYYVWDANDYENWGQGTLVTVSS,13409.78904,122,109.91630360655738,4.758844775613397,30035.0,125.0,22.397816930906767,0.0932154858119975,41.79262295081967,67.95081967213115,-0.0348360655737704,0.7602062513143062,11.475409836065571,37.704918032786885,58.19672131147541,25.40983606557377,54.09836065573771,45.90163934426229,10.37704918032787,12.918032786885243,0.8715,12.935047094166746,12.477571037086966,10.396679899605202,4.331767265655897,-0.7512990665826841,-1.8735616903181296,-2.1203111539661497,-2.899347885572702,-4.701410995911408,-9.492849801303032,-15.53325484609358,-19.03082159706445,-23.891255538912752,-25.73404635281985,1.0,175,66,4314,134,85,32,31.0,303,20,171,103,4556,22,3.0,2,2.0,27,12,1.0,1.0,5.0,4.296622473375353,4589.0,-81.16393280029297,91.6155776977539,0.0,16.0,58.0,3.0,0.0,12.0,33.0,-19.12,-2.08,-2.08,3.375873088049949,2.5505552635163524,4.23,4.98,0,1,6431.710580870636,4862.044686289815,15.772548237325172,-22.35502214874808,Nb proprietary
105,Tarperprumig_VHH1,32,99.1326,0.0633,0.1406,17,1.4155979455995833,96.19731491068087,55.37374298129513,Kinked,QVQLVESGGGLVKPGGSLRLSCAASGRPVSNYAAAWFRQAPGKEREFVSAINWQKTATYADSVKGRFTISRDNAKNSLYLQMNSLRAEDTAVYYCAAVFRVVAPKTQYDYDYWGQGTLVTVSS,13485.15004,123,109.6353661788618,9.592538443394004,28545.0,125.0,21.16772888349709,0.0926945563299049,34.98780487804876,72.1951219512195,0.0017073170731707,0.7602062513143062,12.195121951219512,37.39837398373984,58.53658536585365,30.08130081300813,56.09756097560976,43.90243902439025,12.504065040650406,8.252032520325203,0.764,14.942872306070202,14.554445967340202,13.051923824317976,9.125345692380536,5.81846627637456,5.078150114637954,4.874767772039765,4.099807607223145,2.2913104477306554,-2.71337652320286,-9.84707953236935,-13.695353305300197,-18.114246063037427,-19.762461882394227,1.0,155,64,4320,125,79,23,15.0,317,17,155,105,4540,25,3.0,4,2.0,32,6,2.0,2.0,6.0,4.313292629742696,4580.0,-81.3365707397461,95.5349578857422,0.0,16.0,59.0,9.0,0.0,11.0,28.0,-16.5,4.92,4.76,3.8531683762916233,2.724938889113429,9.96,9.79,0,1,6365.949678067409,4963.46826884413,17.016023126821114,-18.837921008779645,Nb proprietary
106,Tarperprumig_VHH2,28,99.596,0.3048,0.1357,13,0.8892732388487662,108.26716382062762,-166.52488259443277,Extended,EVQLLESGGGLVQPGGSLRLSCAASGRISSIIHMAWFRQAPGKERELVSEISRVGTTVYADSVKGRFTISRDNSKNTLYLQMNSLKPEDTAVYYCNALQYEKHGGADYWGQGTLVTVSS,12961.570640000004,119,108.9207616806723,8.100890171714127,20065.0,125.0,15.480376998508566,0.0964389297190914,34.7487394957983,81.09243697478992,0.0115966386554622,0.7602062513143062,10.084033613445378,36.97478991596639,53.78151260504202,27.73109243697479,52.94117647058824,47.05882352941176,12.882352941176473,9.882352941176473,0.823,14.943399952906804,14.559367104067013,13.073126542584747,8.716976864712707,4.046848361973319,2.126319472567833,1.0634640115292522,0.1399530436179371,-1.520770202455257,-5.562416402550744,-11.278368765009,-14.502591021608344,-18.351917891361182,-19.792349784462075,1.0,149,72,4235,130,84,23,10.0,290,21,169,107,4457,20,3.0,5,2.0,28,8,2.0,2.0,2.0,4.311438736935735,4489.0,-80.56388092041016,92.17732238769533,1.0,16.0,59.0,6.0,0.0,7.0,30.0,-15.11,1.41,1.24,5.264060598968904,3.98613423775886,8.51,8.53,0,1,6282.608715079845,4705.9568747643925,15.219877768645604,-17.63904136233979,Nb proprietary
107,Vobarilizumab_VHH1,30,85.4872,1.1853,0.617,15,1.0128207822211646,113.96520723092183,-163.4366724509356,Extended,EVQLVESGGGLVQPGGSLRLSCAASGSVFKINVMAWYRQAPGKGRELVAGIISGGSTSYADSVKGRFTISRDNAKNTLYLQMNSLRPEDTAVYYCAFITTESDYDLGRRYWGQGTLVTVSS,13026.64224,121,107.65820033057852,8.714119496755302,21555.0,125.0,16.54685804897026,0.0959571911909664,38.80661157024792,79.75206611570248,0.0461157024793388,0.7602062513143062,9.917355371900827,39.66942148760331,57.85123966942148,28.09917355371901,56.19834710743802,43.80165289256198,10.611570247933884,9.132231404958675,0.6814,12.942310282236429,12.548854014445167,10.998683753253934,6.765412133562404,2.969460247294857,2.0957663351355227,1.8779833767078973,1.114310002162409,-0.5729019032436093,-4.797840320187524,-10.458390722039471,-13.772513610526271,-18.12217357764636,-19.763256816929008,1.0,148,77,4137,130,89,27,7.0,306,20,149,112,4363,18,4.0,3,3.0,25,9,2.0,2.0,2.0,4.310502158600318,4392.0,-80.76195526123047,89.90247344970703,0.0,16.0,60.0,3.0,0.0,9.0,33.0,-18.03,1.92,1.86,3.5316227160293807,4.82716890024023,9.17,9.16,0,1,6348.871687822236,4707.680360352928,17.14718123841491,-22.103104690478435,Nb proprietary
